shipper,shippers_reference,vessel_aircraft,voyage_no,place_of_receipt,port_of_loading,port_of_discharge,place_of_delivery,final_destination,ping_seq,ping_time,t_hours,latitude,longitude,speed_knots,heading
Meridian Electronics FZE,MEF/2026/04417,GULF MERIDIAN,GM-2604E,"Dubai Investment Park, AE","Jebel Ali, AE","Karachi, PK",Karachi ICD Bin Qasim,"Lahore, Pakistan",0,2026-08-01 06:00,6.0,25.01,55.06,3.2,35.9
Meridian Electronics FZE,MEF/2026/04417,GULF MERIDIAN,GM-2604E,"Dubai Investment Park, AE","Jebel Ali, AE","Karachi, PK",Karachi ICD Bin Qasim,"Lahore, Pakistan",1,2026-08-01 07:29,7.5,25.3329,55.3208,15.4,35.9
Meridian Electronics FZE,MEF/2026/04417,GULF MERIDIAN,GM-2604E,"Dubai Investment Park, AE","Jebel Ali, AE","Karachi, PK",Karachi ICD Bin Qasim,"Lahore, Pakistan",2,2026-08-01 08:59,9.0,25.6558,55.5816,15.7,35.9
Meridian Electronics FZE,MEF/2026/04417,GULF MERIDIAN,GM-2604E,"Dubai Investment Park, AE","Jebel Ali, AE","Karachi, PK",Karachi ICD Bin Qasim,"Lahore, Pakistan",3,2026-08-01 10:29,10.5,25.9787,55.8424,16.0,35.9
Meridian Electronics FZE,MEF/2026/04417,GULF MERIDIAN,GM-2604E,"Dubai Investment Park, AE","Jebel Ali, AE","Karachi, PK",Karachi ICD Bin Qasim,"Lahore, Pakistan",4,2026-08-01 11:59,12.0,26.2819,56.1319,16.3,41.8
Meridian Electronics FZE,MEF/2026/04417,GULF MERIDIAN,GM-2604E,"Dubai Investment Park, AE","Jebel Ali, AE","Karachi, PK",Karachi ICD Bin Qasim,"Lahore, Pakistan",5,2026-08-01 13:29,13.5,26.5239,56.4329,16.6,131.1
Meridian Electronics FZE,MEF/2026/04417,GULF MERIDIAN,GM-2604E,"Dubai Investment Park, AE","Jebel Ali, AE","Karachi, PK",Karachi ICD Bin Qasim,"Lahore, Pakistan",6,2026-08-01 14:59,15.0,26.2597,56.7667,17.0,131.1
Meridian Electronics FZE,MEF/2026/04417,GULF MERIDIAN,GM-2604E,"Dubai Investment Park, AE","Jebel Ali, AE","Karachi, PK",Karachi ICD Bin Qasim,"Lahore, Pakistan",7,2026-08-01 16:29,16.5,25.9955,57.1004,15.2,131.1
Meridian Electronics FZE,MEF/2026/04417,GULF MERIDIAN,GM-2604E,"Dubai Investment Park, AE","Jebel Ali, AE","Karachi, PK",Karachi ICD Bin Qasim,"Lahore, Pakistan",8,2026-08-01 17:59,18.0,25.7313,57.4341,15.5,131.1
Meridian Electronics FZE,MEF/2026/04417,GULF MERIDIAN,GM-2604E,"Dubai Investment Park, AE","Jebel Ali, AE","Karachi, PK",Karachi ICD Bin Qasim,"Lahore, Pakistan",9,2026-08-01 19:29,19.49,25.5028,57.7943,15.8,118.5
Meridian Electronics FZE,MEF/2026/04417,GULF MERIDIAN,GM-2604E,"Dubai Investment Park, AE","Jebel Ali, AE","Karachi, PK",Karachi ICD Bin Qasim,"Lahore, Pakistan",10,2026-08-01 20:59,20.99,25.3097,58.1806,16.2,118.5
Meridian Electronics FZE,MEF/2026/04417,GULF MERIDIAN,GM-2604E,"Dubai Investment Park, AE","Jebel Ali, AE","Karachi, PK",Karachi ICD Bin Qasim,"Lahore, Pakistan",11,2026-08-01 22:29,22.49,25.1166,58.5669,16.5,118.5
Meridian Electronics FZE,MEF/2026/04417,GULF MERIDIAN,GM-2604E,"Dubai Investment Park, AE","Jebel Ali, AE","Karachi, PK",Karachi ICD Bin Qasim,"Lahore, Pakistan",12,2026-08-01 23:59,23.99,24.9234,58.9531,16.8,118.5
Meridian Electronics FZE,MEF/2026/04417,GULF MERIDIAN,GM-2604E,"Dubai Investment Park, AE","Jebel Ali, AE","Karachi, PK",Karachi ICD Bin Qasim,"Lahore, Pakistan",13,2026-08-02 01:29,25.49,24.7303,59.3394,15.0,118.5
Meridian Electronics FZE,MEF/2026/04417,GULF MERIDIAN,GM-2604E,"Dubai Investment Park, AE","Jebel Ali, AE","Karachi, PK",Karachi ICD Bin Qasim,"Lahore, Pakistan",14,2026-08-02 02:59,26.99,24.5712,59.7391,15.4,102.2
Meridian Electronics FZE,MEF/2026/04417,GULF MERIDIAN,GM-2604E,"Dubai Investment Park, AE","Jebel Ali, AE","Karachi, PK",Karachi ICD Bin Qasim,"Lahore, Pakistan",15,2026-08-02 04:29,28.49,24.4828,60.1667,15.7,102.2
Meridian Electronics FZE,MEF/2026/04417,GULF MERIDIAN,GM-2604E,"Dubai Investment Park, AE","Jebel Ali, AE","Karachi, PK",Karachi ICD Bin Qasim,"Lahore, Pakistan",16,2026-08-02 05:59,29.99,24.3943,60.5942,16.0,102.2
Meridian Electronics FZE,MEF/2026/04417,GULF MERIDIAN,GM-2604E,"Dubai Investment Park, AE","Jebel Ali, AE","Karachi, PK",Karachi ICD Bin Qasim,"Lahore, Pakistan",17,2026-08-02 07:29,31.49,24.3058,61.0218,16.3,102.2
Meridian Electronics FZE,MEF/2026/04417,GULF MERIDIAN,GM-2604E,"Dubai Investment Park, AE","Jebel Ali, AE","Karachi, PK",Karachi ICD Bin Qasim,"Lahore, Pakistan",18,2026-08-02 08:59,32.99,24.2174,61.4493,16.6,102.2
Meridian Electronics FZE,MEF/2026/04417,GULF MERIDIAN,GM-2604E,"Dubai Investment Park, AE","Jebel Ali, AE","Karachi, PK",Karachi ICD Bin Qasim,"Lahore, Pakistan",19,2026-08-02 10:29,34.49,24.1289,61.8768,17.0,102.2
Meridian Electronics FZE,MEF/2026/04417,GULF MERIDIAN,GM-2604E,"Dubai Investment Park, AE","Jebel Ali, AE","Karachi, PK",Karachi ICD Bin Qasim,"Lahore, Pakistan",20,2026-08-02 11:59,35.99,24.0405,62.3044,15.2,102.2
Meridian Electronics FZE,MEF/2026/04417,GULF MERIDIAN,GM-2604E,"Dubai Investment Park, AE","Jebel Ali, AE","Karachi, PK",Karachi ICD Bin Qasim,"Lahore, Pakistan",21,2026-08-02 13:29,37.49,24.0236,62.7361,15.5,83.1
Meridian Electronics FZE,MEF/2026/04417,GULF MERIDIAN,GM-2604E,"Dubai Investment Park, AE","Jebel Ali, AE","Karachi, PK",Karachi ICD Bin Qasim,"Lahore, Pakistan",22,2026-08-02 14:59,38.99,24.0671,63.1714,15.8,83.1
Meridian Electronics FZE,MEF/2026/04417,GULF MERIDIAN,GM-2604E,"Dubai Investment Park, AE","Jebel Ali, AE","Karachi, PK",Karachi ICD Bin Qasim,"Lahore, Pakistan",23,2026-08-02 16:29,40.49,24.1107,63.6067,16.2,83.1
Meridian Electronics FZE,MEF/2026/04417,GULF MERIDIAN,GM-2604E,"Dubai Investment Park, AE","Jebel Ali, AE","Karachi, PK",Karachi ICD Bin Qasim,"Lahore, Pakistan",24,2026-08-02 17:59,41.99,24.1542,64.042,16.5,83.1
Meridian Electronics FZE,MEF/2026/04417,GULF MERIDIAN,GM-2604E,"Dubai Investment Park, AE","Jebel Ali, AE","Karachi, PK",Karachi ICD Bin Qasim,"Lahore, Pakistan",25,2026-08-02 19:29,43.49,24.1977,64.4773,16.8,83.1
Meridian Electronics FZE,MEF/2026/04417,GULF MERIDIAN,GM-2604E,"Dubai Investment Park, AE","Jebel Ali, AE","Karachi, PK",Karachi ICD Bin Qasim,"Lahore, Pakistan",26,2026-08-02 20:59,44.98,24.2413,64.9126,15.0,83.1
Meridian Electronics FZE,MEF/2026/04417,GULF MERIDIAN,GM-2604E,"Dubai Investment Park, AE","Jebel Ali, AE","Karachi, PK",Karachi ICD Bin Qasim,"Lahore, Pakistan",27,2026-08-02 22:29,46.48,24.2848,65.3479,15.4,83.1
Meridian Electronics FZE,MEF/2026/04417,GULF MERIDIAN,GM-2604E,"Dubai Investment Park, AE","Jebel Ali, AE","Karachi, PK",Karachi ICD Bin Qasim,"Lahore, Pakistan",28,2026-08-02 23:58,47.98,24.3962,65.7656,15.7,68.0
Meridian Electronics FZE,MEF/2026/04417,GULF MERIDIAN,GM-2604E,"Dubai Investment Park, AE","Jebel Ali, AE","Karachi, PK",Karachi ICD Bin Qasim,"Lahore, Pakistan",29,2026-08-03 01:28,49.48,24.5442,66.1737,16.0,68.0
Meridian Electronics FZE,MEF/2026/04417,GULF MERIDIAN,GM-2604E,"Dubai Investment Park, AE","Jebel Ali, AE","Karachi, PK",Karachi ICD Bin Qasim,"Lahore, Pakistan",30,2026-08-03 02:58,50.98,24.6921,66.5819,16.3,68.0
Meridian Electronics FZE,MEF/2026/04417,GULF MERIDIAN,GM-2604E,"Dubai Investment Park, AE","Jebel Ali, AE","Karachi, PK",Karachi ICD Bin Qasim,"Lahore, Pakistan",31,2026-08-03 04:28,52.48,24.84,66.99,2.4,68.0
Dawn Petrochem Trading Ltd,DPT-26-0881,PERSIAN DAWN,PD-118S,"Bandar Abbas Terminal 3, IR","Bandar Abbas, IR","Fujairah, AE",Fujairah Oil Terminal,"Fujairah, United Arab Emirates",0,2026-08-02 06:00,30.0,27.15,56.21,3.2,136.0
Dawn Petrochem Trading Ltd,DPT-26-0881,PERSIAN DAWN,PD-118S,"Bandar Abbas Terminal 3, IR","Bandar Abbas, IR","Fujairah, AE",Fujairah Oil Terminal,"Fujairah, United Arab Emirates",1,2026-08-02 06:29,30.5,27.0964,56.2679,8.6,136.0
Dawn Petrochem Trading Ltd,DPT-26-0881,PERSIAN DAWN,PD-118S,"Bandar Abbas Terminal 3, IR","Bandar Abbas, IR","Fujairah, AE",Fujairah Oil Terminal,"Fujairah, United Arab Emirates",2,2026-08-02 06:59,30.99,27.0428,56.3258,8.8,136.0
Dawn Petrochem Trading Ltd,DPT-26-0881,PERSIAN DAWN,PD-118S,"Bandar Abbas Terminal 3, IR","Bandar Abbas, IR","Fujairah, AE",Fujairah Oil Terminal,"Fujairah, United Arab Emirates",3,2026-08-02 07:29,31.49,26.9892,56.3837,9.0,136.0
Dawn Petrochem Trading Ltd,DPT-26-0881,PERSIAN DAWN,PD-118S,"Bandar Abbas Terminal 3, IR","Bandar Abbas, IR","Fujairah, AE",Fujairah Oil Terminal,"Fujairah, United Arab Emirates",4,2026-08-02 07:59,31.98,26.9356,56.4416,9.2,136.0
Dawn Petrochem Trading Ltd,DPT-26-0881,PERSIAN DAWN,PD-118S,"Bandar Abbas Terminal 3, IR","Bandar Abbas, IR","Fujairah, AE",Fujairah Oil Terminal,"Fujairah, United Arab Emirates",5,2026-08-02 08:28,32.48,26.8761,56.4884,9.4,162.6
Dawn Petrochem Trading Ltd,DPT-26-0881,PERSIAN DAWN,PD-118S,"Bandar Abbas Terminal 3, IR","Bandar Abbas, IR","Fujairah, AE",Fujairah Oil Terminal,"Fujairah, United Arab Emirates",6,2026-08-02 08:58,32.98,26.8051,56.5132,9.5,162.6
Dawn Petrochem Trading Ltd,DPT-26-0881,PERSIAN DAWN,PD-118S,"Bandar Abbas Terminal 3, IR","Bandar Abbas, IR","Fujairah, AE",Fujairah Oil Terminal,"Fujairah, United Arab Emirates",7,2026-08-02 09:28,33.47,26.7341,56.538,8.5,162.6
Dawn Petrochem Trading Ltd,DPT-26-0881,PERSIAN DAWN,PD-118S,"Bandar Abbas Terminal 3, IR","Bandar Abbas, IR","Fujairah, AE",Fujairah Oil Terminal,"Fujairah, United Arab Emirates",8,2026-08-02 09:58,33.97,26.6632,56.5629,8.7,162.6
Dawn Petrochem Trading Ltd,DPT-26-0881,PERSIAN DAWN,PD-118S,"Bandar Abbas Terminal 3, IR","Bandar Abbas, IR","Fujairah, AE",Fujairah Oil Terminal,"Fujairah, United Arab Emirates",9,2026-08-02 10:27,34.47,26.5922,56.5877,8.9,162.6
Dawn Petrochem Trading Ltd,DPT-26-0881,PERSIAN DAWN,PD-118S,"Bandar Abbas Terminal 3, IR","Bandar Abbas, IR","Fujairah, AE",Fujairah Oil Terminal,"Fujairah, United Arab Emirates",10,2026-08-02 10:57,34.96,26.5212,56.6126,9.1,162.6
Dawn Petrochem Trading Ltd,DPT-26-0881,PERSIAN DAWN,PD-118S,"Bandar Abbas Terminal 3, IR","Bandar Abbas, IR","Fujairah, AE",Fujairah Oil Terminal,"Fujairah, United Arab Emirates",11,2026-08-02 11:27,35.46,26.4488,56.6314,9.3,168.7
Dawn Petrochem Trading Ltd,DPT-26-0881,PERSIAN DAWN,PD-118S,"Bandar Abbas Terminal 3, IR","Bandar Abbas, IR","Fujairah, AE",Fujairah Oil Terminal,"Fujairah, United Arab Emirates",12,2026-08-02 11:57,35.95,26.3758,56.6476,9.5,168.7
Dawn Petrochem Trading Ltd,DPT-26-0881,PERSIAN DAWN,PD-118S,"Bandar Abbas Terminal 3, IR","Bandar Abbas, IR","Fujairah, AE",Fujairah Oil Terminal,"Fujairah, United Arab Emirates",13,2026-08-02 12:27,36.45,26.3029,56.6638,8.5,168.7
Dawn Petrochem Trading Ltd,DPT-26-0881,PERSIAN DAWN,PD-118S,"Bandar Abbas Terminal 3, IR","Bandar Abbas, IR","Fujairah, AE",Fujairah Oil Terminal,"Fujairah, United Arab Emirates",14,2026-08-02 12:56,36.95,26.2299,56.68,8.6,168.7
Dawn Petrochem Trading Ltd,DPT-26-0881,PERSIAN DAWN,PD-118S,"Bandar Abbas Terminal 3, IR","Bandar Abbas, IR","Fujairah, AE",Fujairah Oil Terminal,"Fujairah, United Arab Emirates",15,2026-08-02 13:26,37.44,26.157,56.6962,8.8,168.7
Dawn Petrochem Trading Ltd,DPT-26-0881,PERSIAN DAWN,PD-118S,"Bandar Abbas Terminal 3, IR","Bandar Abbas, IR","Fujairah, AE",Fujairah Oil Terminal,"Fujairah, United Arab Emirates",16,2026-08-02 13:56,37.94,26.084,56.7124,9.0,168.7
Dawn Petrochem Trading Ltd,DPT-26-0881,PERSIAN DAWN,PD-118S,"Bandar Abbas Terminal 3, IR","Bandar Abbas, IR","Fujairah, AE",Fujairah Oil Terminal,"Fujairah, United Arab Emirates",17,2026-08-02 14:26,38.44,26.0129,56.7355,9.2,159.3
Dawn Petrochem Trading Ltd,DPT-26-0881,PERSIAN DAWN,PD-118S,"Bandar Abbas Terminal 3, IR","Bandar Abbas, IR","Fujairah, AE",Fujairah Oil Terminal,"Fujairah, United Arab Emirates",18,2026-08-02 14:55,38.93,25.9433,56.7647,9.4,159.3
Dawn Petrochem Trading Ltd,DPT-26-0881,PERSIAN DAWN,PD-118S,"Bandar Abbas Terminal 3, IR","Bandar Abbas, IR","Fujairah, AE",Fujairah Oil Terminal,"Fujairah, United Arab Emirates",19,2026-08-02 15:25,39.43,25.8737,56.7938,9.5,159.3
Dawn Petrochem Trading Ltd,DPT-26-0881,PERSIAN DAWN,PD-118S,"Bandar Abbas Terminal 3, IR","Bandar Abbas, IR","Fujairah, AE",Fujairah Oil Terminal,"Fujairah, United Arab Emirates",20,2026-08-02 15:55,39.92,25.8041,56.823,8.5,159.3
Dawn Petrochem Trading Ltd,DPT-26-0881,PERSIAN DAWN,PD-118S,"Bandar Abbas Terminal 3, IR","Bandar Abbas, IR","Fujairah, AE",Fujairah Oil Terminal,"Fujairah, United Arab Emirates",21,2026-08-02 16:25,40.42,25.7345,56.8521,8.7,159.3
Dawn Petrochem Trading Ltd,DPT-26-0881,PERSIAN DAWN,PD-118S,"Bandar Abbas Terminal 3, IR","Bandar Abbas, IR","Fujairah, AE",Fujairah Oil Terminal,"Fujairah, United Arab Emirates",22,2026-08-02 16:55,40.92,25.6648,56.8812,8.9,159.3
Dawn Petrochem Trading Ltd,DPT-26-0881,PERSIAN DAWN,PD-118S,"Bandar Abbas Terminal 3, IR","Bandar Abbas, IR","Fujairah, AE",Fujairah Oil Terminal,"Fujairah, United Arab Emirates",23,2026-08-02 17:24,41.41,25.5998,56.8811,9.1,220.2
Dawn Petrochem Trading Ltd,DPT-26-0881,PERSIAN DAWN,PD-118S,"Bandar Abbas Terminal 3, IR","Bandar Abbas, IR","Fujairah, AE",Fujairah Oil Terminal,"Fujairah, United Arab Emirates",24,2026-08-02 17:54,41.91,25.5429,56.828,9.3,220.2
Dawn Petrochem Trading Ltd,DPT-26-0881,PERSIAN DAWN,PD-118S,"Bandar Abbas Terminal 3, IR","Bandar Abbas, IR","Fujairah, AE",Fujairah Oil Terminal,"Fujairah, United Arab Emirates",25,2026-08-02 18:24,42.41,25.486,56.7749,9.5,220.2
Dawn Petrochem Trading Ltd,DPT-26-0881,PERSIAN DAWN,PD-118S,"Bandar Abbas Terminal 3, IR","Bandar Abbas, IR","Fujairah, AE",Fujairah Oil Terminal,"Fujairah, United Arab Emirates",26,2026-08-02 18:54,42.9,25.4291,56.7218,8.5,220.2
Dawn Petrochem Trading Ltd,DPT-26-0881,PERSIAN DAWN,PD-118S,"Bandar Abbas Terminal 3, IR","Bandar Abbas, IR","Fujairah, AE",Fujairah Oil Terminal,"Fujairah, United Arab Emirates",27,2026-08-02 19:23,43.4,25.3722,56.6688,8.6,220.2
Dawn Petrochem Trading Ltd,DPT-26-0881,PERSIAN DAWN,PD-118S,"Bandar Abbas Terminal 3, IR","Bandar Abbas, IR","Fujairah, AE",Fujairah Oil Terminal,"Fujairah, United Arab Emirates",28,2026-08-02 19:53,43.89,25.3155,56.6155,8.8,222.2
Dawn Petrochem Trading Ltd,DPT-26-0881,PERSIAN DAWN,PD-118S,"Bandar Abbas Terminal 3, IR","Bandar Abbas, IR","Fujairah, AE",Fujairah Oil Terminal,"Fujairah, United Arab Emirates",29,2026-08-02 20:23,44.39,25.2603,56.5603,9.0,222.2
Dawn Petrochem Trading Ltd,DPT-26-0881,PERSIAN DAWN,PD-118S,"Bandar Abbas Terminal 3, IR","Bandar Abbas, IR","Fujairah, AE",Fujairah Oil Terminal,"Fujairah, United Arab Emirates",30,2026-08-02 20:53,44.89,25.2052,56.5052,9.2,222.2
Dawn Petrochem Trading Ltd,DPT-26-0881,PERSIAN DAWN,PD-118S,"Bandar Abbas Terminal 3, IR","Bandar Abbas, IR","Fujairah, AE",Fujairah Oil Terminal,"Fujairah, United Arab Emirates",31,2026-08-02 21:22,45.38,25.15,56.45,2.4,222.2
Horizon Apparel Manufacturing Co,HAM/SH/26/2210,EASTERN HORIZON,EH-0977W,"Suzhou Industrial Park, CN","Shanghai, CN",Singapore,Jurong Warehouse 12,Singapore,0,2026-08-01 00:00,0.0,31.23,121.5,3.2,149.5
Horizon Apparel Manufacturing Co,HAM/SH/26/2210,EASTERN HORIZON,EH-0977W,"Suzhou Industrial Park, CN","Shanghai, CN",Singapore,Jurong Warehouse 12,Singapore,1,2026-08-01 04:29,4.49,30.2283,122.176,14.9,149.5
Horizon Apparel Manufacturing Co,HAM/SH/26/2210,EASTERN HORIZON,EH-0977W,"Suzhou Industrial Park, CN","Shanghai, CN",Singapore,Jurong Warehouse 12,Singapore,2,2026-08-01 08:58,8.98,29.188,122.4529,15.2,197.7
Horizon Apparel Manufacturing Co,HAM/SH/26/2210,EASTERN HORIZON,EH-0977W,"Suzhou Industrial Park, CN","Shanghai, CN",Singapore,Jurong Warehouse 12,Singapore,3,2026-08-01 13:28,13.47,28.0825,122.058,15.5,197.7
Horizon Apparel Manufacturing Co,HAM/SH/26/2210,EASTERN HORIZON,EH-0977W,"Suzhou Industrial Park, CN","Shanghai, CN",Singapore,Jurong Warehouse 12,Singapore,4,2026-08-01 17:57,17.96,26.977,121.6632,15.8,197.7
Horizon Apparel Manufacturing Co,HAM/SH/26/2210,EASTERN HORIZON,EH-0977W,"Suzhou Industrial Park, CN","Shanghai, CN",Singapore,Jurong Warehouse 12,Singapore,5,2026-08-01 22:26,22.45,25.9941,120.9956,16.1,214.6
Horizon Apparel Manufacturing Co,HAM/SH/26/2210,EASTERN HORIZON,EH-0977W,"Suzhou Industrial Park, CN","Shanghai, CN",Singapore,Jurong Warehouse 12,Singapore,6,2026-08-02 02:56,26.94,25.0346,120.276,16.4,214.6
Horizon Apparel Manufacturing Co,HAM/SH/26/2210,EASTERN HORIZON,EH-0977W,"Suzhou Industrial Park, CN","Shanghai, CN",Singapore,Jurong Warehouse 12,Singapore,7,2026-08-02 07:25,31.42,24.0751,119.5563,14.7,214.6
Horizon Apparel Manufacturing Co,HAM/SH/26/2210,EASTERN HORIZON,EH-0977W,"Suzhou Industrial Park, CN","Shanghai, CN",Singapore,Jurong Warehouse 12,Singapore,8,2026-08-02 11:54,35.91,23.2147,118.7147,15.0,223.2
Horizon Apparel Manufacturing Co,HAM/SH/26/2210,EASTERN HORIZON,EH-0977W,"Suzhou Industrial Park, CN","Shanghai, CN",Singapore,Jurong Warehouse 12,Singapore,9,2026-08-02 16:24,40.4,22.3627,117.8627,15.3,223.2
Horizon Apparel Manufacturing Co,HAM/SH/26/2210,EASTERN HORIZON,EH-0977W,"Suzhou Industrial Park, CN","Shanghai, CN",Singapore,Jurong Warehouse 12,Singapore,10,2026-08-02 20:53,44.89,21.5107,117.0107,15.7,223.2
Horizon Apparel Manufacturing Co,HAM/SH/26/2210,EASTERN HORIZON,EH-0977W,"Suzhou Industrial Park, CN","Shanghai, CN",Singapore,Jurong Warehouse 12,Singapore,11,2026-08-03 01:22,49.38,20.7207,116.1094,16.0,227.8
Horizon Apparel Manufacturing Co,HAM/SH/26/2210,EASTERN HORIZON,EH-0977W,"Suzhou Industrial Park, CN","Shanghai, CN",Singapore,Jurong Warehouse 12,Singapore,12,2026-08-03 05:52,53.87,19.9315,115.2074,16.3,227.8
Horizon Apparel Manufacturing Co,HAM/SH/26/2210,EASTERN HORIZON,EH-0977W,"Suzhou Industrial Park, CN","Shanghai, CN",Singapore,Jurong Warehouse 12,Singapore,13,2026-08-03 10:21,58.36,19.1423,114.3055,14.6,227.8
Horizon Apparel Manufacturing Co,HAM/SH/26/2210,EASTERN HORIZON,EH-0977W,"Suzhou Industrial Park, CN","Shanghai, CN",Singapore,Jurong Warehouse 12,Singapore,14,2026-08-03 14:50,62.85,18.3531,113.4036,14.9,227.8
Horizon Apparel Manufacturing Co,HAM/SH/26/2210,EASTERN HORIZON,EH-0977W,"Suzhou Industrial Park, CN","Shanghai, CN",Singapore,Jurong Warehouse 12,Singapore,15,2026-08-03 19:20,67.34,17.423,112.7115,15.2,206.1
Horizon Apparel Manufacturing Co,HAM/SH/26/2210,EASTERN HORIZON,EH-0977W,"Suzhou Industrial Park, CN","Shanghai, CN",Singapore,Jurong Warehouse 12,Singapore,16,2026-08-03 23:49,71.83,16.3789,112.1895,15.5,206.1
Horizon Apparel Manufacturing Co,HAM/SH/26/2210,EASTERN HORIZON,EH-0977W,"Suzhou Industrial Park, CN","Shanghai, CN",Singapore,Jurong Warehouse 12,Singapore,17,2026-08-04 04:18,76.32,15.3348,111.6674,15.8,206.1
Horizon Apparel Manufacturing Co,HAM/SH/26/2210,EASTERN HORIZON,EH-0977W,"Suzhou Industrial Park, CN","Shanghai, CN",Singapore,Jurong Warehouse 12,Singapore,18,2026-08-04 08:48,80.81,14.2906,111.1453,16.1,206.1
Horizon Apparel Manufacturing Co,HAM/SH/26/2210,EASTERN HORIZON,EH-0977W,"Suzhou Industrial Park, CN","Shanghai, CN",Singapore,Jurong Warehouse 12,Singapore,19,2026-08-04 13:17,85.29,13.2465,110.6233,16.4,206.1
Horizon Apparel Manufacturing Co,HAM/SH/26/2210,EASTERN HORIZON,EH-0977W,"Suzhou Industrial Park, CN","Shanghai, CN",Singapore,Jurong Warehouse 12,Singapore,20,2026-08-04 17:47,89.78,12.3041,109.9433,14.7,218.6
Horizon Apparel Manufacturing Co,HAM/SH/26/2210,EASTERN HORIZON,EH-0977W,"Suzhou Industrial Park, CN","Shanghai, CN",Singapore,Jurong Warehouse 12,Singapore,21,2026-08-04 22:16,94.27,11.3931,109.2144,15.0,218.6
Horizon Apparel Manufacturing Co,HAM/SH/26/2210,EASTERN HORIZON,EH-0977W,"Suzhou Industrial Park, CN","Shanghai, CN",Singapore,Jurong Warehouse 12,Singapore,22,2026-08-05 02:45,98.76,10.482,108.4856,15.3,218.6
Horizon Apparel Manufacturing Co,HAM/SH/26/2210,EASTERN HORIZON,EH-0977W,"Suzhou Industrial Park, CN","Shanghai, CN",Singapore,Jurong Warehouse 12,Singapore,23,2026-08-05 07:15,103.25,9.571,107.7568,15.7,218.6
Horizon Apparel Manufacturing Co,HAM/SH/26/2210,EASTERN HORIZON,EH-0977W,"Suzhou Industrial Park, CN","Shanghai, CN",Singapore,Jurong Warehouse 12,Singapore,24,2026-08-05 11:44,107.74,8.66,107.028,16.0,218.6
Horizon Apparel Manufacturing Co,HAM/SH/26/2210,EASTERN HORIZON,EH-0977W,"Suzhou Industrial Park, CN","Shanghai, CN",Singapore,Jurong Warehouse 12,Singapore,25,2026-08-05 16:13,112.23,7.6951,106.4047,16.3,197.4
Horizon Apparel Manufacturing Co,HAM/SH/26/2210,EASTERN HORIZON,EH-0977W,"Suzhou Industrial Park, CN","Shanghai, CN",Singapore,Jurong Warehouse 12,Singapore,26,2026-08-05 20:43,116.72,6.5884,106.0589,14.6,197.4
Horizon Apparel Manufacturing Co,HAM/SH/26/2210,EASTERN HORIZON,EH-0977W,"Suzhou Industrial Park, CN","Shanghai, CN",Singapore,Jurong Warehouse 12,Singapore,27,2026-08-06 01:12,121.21,5.4818,105.7131,14.9,197.4
Horizon Apparel Manufacturing Co,HAM/SH/26/2210,EASTERN HORIZON,EH-0977W,"Suzhou Industrial Park, CN","Shanghai, CN",Singapore,Jurong Warehouse 12,Singapore,28,2026-08-06 05:41,125.7,4.3751,105.3672,15.2,197.4
Horizon Apparel Manufacturing Co,HAM/SH/26/2210,EASTERN HORIZON,EH-0977W,"Suzhou Industrial Park, CN","Shanghai, CN",Singapore,Jurong Warehouse 12,Singapore,29,2026-08-06 10:11,130.19,3.2684,105.0214,15.5,197.4
Horizon Apparel Manufacturing Co,HAM/SH/26/2210,EASTERN HORIZON,EH-0977W,"Suzhou Industrial Park, CN","Shanghai, CN",Singapore,Jurong Warehouse 12,Singapore,30,2026-08-06 14:40,134.68,2.2658,104.4433,15.8,210.8
Horizon Apparel Manufacturing Co,HAM/SH/26/2210,EASTERN HORIZON,EH-0977W,"Suzhou Industrial Park, CN","Shanghai, CN",Singapore,Jurong Warehouse 12,Singapore,31,2026-08-06 19:09,139.16,1.27,103.85,2.4,210.8
Delta Machinery BV,DM-2026-3391,ATLANTIC TRADER,AT-1210,"Eindhoven Plant, NL","Rotterdam, NL","Port Said, EG",10th of Ramadan City,"Cairo, Egypt",0,2026-08-01 12:00,12.0,51.95,4.05,3.2,240.3
Delta Machinery BV,DM-2026-3391,ATLANTIC TRADER,AT-1210,"Eindhoven Plant, NL","Rotterdam, NL","Port Said, EG",10th of Ramadan City,"Cairo, Egypt",1,2026-08-01 18:10,18.18,51.057,1.636,16.3,239.3
Delta Machinery BV,DM-2026-3391,ATLANTIC TRADER,AT-1210,"Eindhoven Plant, NL","Rotterdam, NL","Port Said, EG",10th of Ramadan City,"Cairo, Egypt",2,2026-08-02 00:21,24.36,50.1353,-0.7101,16.7,239.3
Delta Machinery BV,DM-2026-3391,ATLANTIC TRADER,AT-1210,"Eindhoven Plant, NL","Rotterdam, NL","Port Said, EG",10th of Ramadan City,"Cairo, Egypt",3,2026-08-02 06:32,30.54,49.5712,-3.2678,17.0,253.3
Delta Machinery BV,DM-2026-3391,ATLANTIC TRADER,AT-1210,"Eindhoven Plant, NL","Rotterdam, NL","Port Said, EG",10th of Ramadan City,"Cairo, Egypt",4,2026-08-02 12:43,36.72,48.7169,-5.4473,17.3,212.8
Delta Machinery BV,DM-2026-3391,ATLANTIC TRADER,AT-1210,"Eindhoven Plant, NL","Rotterdam, NL","Port Said, EG",10th of Ramadan City,"Cairo, Egypt",5,2026-08-02 18:53,42.9,47.2305,-6.8236,17.7,212.8
Delta Machinery BV,DM-2026-3391,ATLANTIC TRADER,AT-1210,"Eindhoven Plant, NL","Rotterdam, NL","Port Said, EG",10th of Ramadan City,"Cairo, Egypt",6,2026-08-03 01:04,49.08,45.6935,-8.03,18.0,205.8
Delta Machinery BV,DM-2026-3391,ATLANTIC TRADER,AT-1210,"Eindhoven Plant, NL","Rotterdam, NL","Port Said, EG",10th of Ramadan City,"Cairo, Egypt",7,2026-08-03 07:15,55.26,44.1077,-9.0721,16.1,205.8
Delta Machinery BV,DM-2026-3391,ATLANTIC TRADER,AT-1210,"Eindhoven Plant, NL","Rotterdam, NL","Port Said, EG",10th of Ramadan City,"Cairo, Egypt",8,2026-08-03 13:26,61.44,42.4725,-9.8,16.5,180.0
Delta Machinery BV,DM-2026-3391,ATLANTIC TRADER,AT-1210,"Eindhoven Plant, NL","Rotterdam, NL","Port Said, EG",10th of Ramadan City,"Cairo, Egypt",9,2026-08-03 19:37,67.62,40.7227,-9.8,16.8,180.0
Delta Machinery BV,DM-2026-3391,ATLANTIC TRADER,AT-1210,"Eindhoven Plant, NL","Rotterdam, NL","Port Said, EG",10th of Ramadan City,"Cairo, Egypt",10,2026-08-04 01:47,73.8,38.9729,-9.8,17.2,180.0
Delta Machinery BV,DM-2026-3391,ATLANTIC TRADER,AT-1210,"Eindhoven Plant, NL","Rotterdam, NL","Port Said, EG",10th of Ramadan City,"Cairo, Egypt",11,2026-08-04 07:58,79.98,37.7,-8.5478,17.5,127.7
Delta Machinery BV,DM-2026-3391,ATLANTIC TRADER,AT-1210,"Eindhoven Plant, NL","Rotterdam, NL","Port Said, EG",10th of Ramadan City,"Cairo, Egypt",12,2026-08-04 14:09,86.16,36.6036,-6.8318,17.9,127.7
Delta Machinery BV,DM-2026-3391,ATLANTIC TRADER,AT-1210,"Eindhoven Plant, NL","Rotterdam, NL","Port Said, EG",10th of Ramadan City,"Cairo, Egypt",13,2026-08-04 20:20,92.34,36.0672,-4.9189,16.0,76.1
Delta Machinery BV,DM-2026-3391,ATLANTIC TRADER,AT-1210,"Eindhoven Plant, NL","Rotterdam, NL","Port Said, EG",10th of Ramadan City,"Cairo, Egypt",14,2026-08-05 02:31,98.52,36.4336,-2.7907,16.3,76.1
Delta Machinery BV,DM-2026-3391,ATLANTIC TRADER,AT-1210,"Eindhoven Plant, NL","Rotterdam, NL","Port Said, EG",10th of Ramadan City,"Cairo, Egypt",15,2026-08-05 08:41,104.7,36.7999,-0.6624,16.7,76.1
Delta Machinery BV,DM-2026-3391,ATLANTIC TRADER,AT-1210,"Eindhoven Plant, NL","Rotterdam, NL","Port Said, EG",10th of Ramadan City,"Cairo, Egypt",16,2026-08-05 14:52,110.88,37.0795,1.4935,17.0,82.0
Delta Machinery BV,DM-2026-3391,ATLANTIC TRADER,AT-1210,"Eindhoven Plant, NL","Rotterdam, NL","Port Said, EG",10th of Ramadan City,"Cairo, Egypt",17,2026-08-05 21:03,117.06,37.2546,3.6828,17.3,82.0
Delta Machinery BV,DM-2026-3391,ATLANTIC TRADER,AT-1210,"Eindhoven Plant, NL","Rotterdam, NL","Port Said, EG",10th of Ramadan City,"Cairo, Egypt",18,2026-08-06 03:14,123.24,37.4298,5.872,17.7,82.0
Delta Machinery BV,DM-2026-3391,ATLANTIC TRADER,AT-1210,"Eindhoven Plant, NL","Rotterdam, NL","Port Said, EG",10th of Ramadan City,"Cairo, Egypt",19,2026-08-06 09:25,129.42,37.5829,8.0571,18.0,108.4
Delta Machinery BV,DM-2026-3391,ATLANTIC TRADER,AT-1210,"Eindhoven Plant, NL","Rotterdam, NL","Port Said, EG",10th of Ramadan City,"Cairo, Egypt",20,2026-08-06 15:35,135.6,36.9705,10.0983,16.1,108.4
Delta Machinery BV,DM-2026-3391,ATLANTIC TRADER,AT-1210,"Eindhoven Plant, NL","Rotterdam, NL","Port Said, EG",10th of Ramadan City,"Cairo, Egypt",21,2026-08-06 21:46,141.78,36.3582,12.1395,16.5,108.4
Delta Machinery BV,DM-2026-3391,ATLANTIC TRADER,AT-1210,"Eindhoven Plant, NL","Rotterdam, NL","Port Said, EG",10th of Ramadan City,"Cairo, Egypt",22,2026-08-07 03:57,147.96,35.7458,14.1806,16.8,108.4
Delta Machinery BV,DM-2026-3391,ATLANTIC TRADER,AT-1210,"Eindhoven Plant, NL","Rotterdam, NL","Port Said, EG",10th of Ramadan City,"Cairo, Egypt",23,2026-08-07 10:08,154.14,35.2034,16.2214,17.2,104.4
Delta Machinery BV,DM-2026-3391,ATLANTIC TRADER,AT-1210,"Eindhoven Plant, NL","Rotterdam, NL","Port Said, EG",10th of Ramadan City,"Cairo, Egypt",24,2026-08-07 16:19,160.32,34.7078,18.262,17.5,104.4
Delta Machinery BV,DM-2026-3391,ATLANTIC TRADER,AT-1210,"Eindhoven Plant, NL","Rotterdam, NL","Port Said, EG",10th of Ramadan City,"Cairo, Egypt",25,2026-08-07 22:29,166.5,34.2122,20.3025,17.9,104.4
Delta Machinery BV,DM-2026-3391,ATLANTIC TRADER,AT-1210,"Eindhoven Plant, NL","Rotterdam, NL","Port Said, EG",10th of Ramadan City,"Cairo, Egypt",26,2026-08-08 04:40,172.68,33.7226,22.3385,16.0,103.3
Delta Machinery BV,DM-2026-3391,ATLANTIC TRADER,AT-1210,"Eindhoven Plant, NL","Rotterdam, NL","Port Said, EG",10th of Ramadan City,"Cairo, Egypt",27,2026-08-08 10:51,178.86,33.2624,24.352,16.3,103.3
Delta Machinery BV,DM-2026-3391,ATLANTIC TRADER,AT-1210,"Eindhoven Plant, NL","Rotterdam, NL","Port Said, EG",10th of Ramadan City,"Cairo, Egypt",28,2026-08-08 17:02,185.04,32.8022,26.3654,16.7,103.3
Delta Machinery BV,DM-2026-3391,ATLANTIC TRADER,AT-1210,"Eindhoven Plant, NL","Rotterdam, NL","Port Said, EG",10th of Ramadan City,"Cairo, Egypt",29,2026-08-08 23:13,191.22,32.342,28.3789,17.0,103.3
Delta Machinery BV,DM-2026-3391,ATLANTIC TRADER,AT-1210,"Eindhoven Plant, NL","Rotterdam, NL","Port Said, EG",10th of Ramadan City,"Cairo, Egypt",30,2026-08-09 05:23,197.4,31.8157,30.3491,17.3,107.6
Delta Machinery BV,DM-2026-3391,ATLANTIC TRADER,AT-1210,"Eindhoven Plant, NL","Rotterdam, NL","Port Said, EG",10th of Ramadan City,"Cairo, Egypt",31,2026-08-09 11:34,203.58,31.26,32.3,2.4,107.6
Tramonte Veiculos Ltda,TV/BR/26/7742,SOUTH CROSS,SC-1054,"Sao Paulo Vehicle Yard, BR","Santos, BR","Lome, TG",Lome Vehicle Park,"Ouagadougou, Burkina Faso",0,2026-08-01 04:00,4.0,-24.0,-46.32,3.2,76.7
Tramonte Veiculos Ltda,TV/BR/26/7742,SOUTH CROSS,SC-1054,"Sao Paulo Vehicle Yard, BR","Santos, BR","Lome, TG",Lome Vehicle Park,"Ouagadougou, Burkina Faso",1,2026-08-01 11:43,11.72,-23.5595,-44.4169,13.4,76.7
Tramonte Veiculos Ltda,TV/BR/26/7742,SOUTH CROSS,SC-1054,"Sao Paulo Vehicle Yard, BR","Santos, BR","Lome, TG",Lome Vehicle Park,"Ouagadougou, Burkina Faso",2,2026-08-01 19:26,19.44,-23.1189,-42.5138,13.7,76.7
Tramonte Veiculos Ltda,TV/BR/26/7742,SOUTH CROSS,SC-1054,"Sao Paulo Vehicle Yard, BR","Santos, BR","Lome, TG",Lome Vehicle Park,"Ouagadougou, Burkina Faso",3,2026-08-02 03:09,27.16,-22.4621,-40.7091,14.0,67.0
Tramonte Veiculos Ltda,TV/BR/26/7742,SOUTH CROSS,SC-1054,"Sao Paulo Vehicle Yard, BR","Santos, BR","Lome, TG",Lome Vehicle Park,"Ouagadougou, Burkina Faso",4,2026-08-02 10:52,34.88,-21.7253,-38.9407,14.3,67.0
Tramonte Veiculos Ltda,TV/BR/26/7742,SOUTH CROSS,SC-1054,"Sao Paulo Vehicle Yard, BR","Santos, BR","Lome, TG",Lome Vehicle Park,"Ouagadougou, Burkina Faso",5,2026-08-02 18:35,42.6,-20.9885,-37.1724,14.6,67.0
Tramonte Veiculos Ltda,TV/BR/26/7742,SOUTH CROSS,SC-1054,"Sao Paulo Vehicle Yard, BR","Santos, BR","Lome, TG",Lome Vehicle Park,"Ouagadougou, Burkina Faso",6,2026-08-03 02:18,50.31,-20.1908,-35.4503,14.8,60.7
Tramonte Veiculos Ltda,TV/BR/26/7742,SOUTH CROSS,SC-1054,"Sao Paulo Vehicle Yard, BR","Santos, BR","Lome, TG",Lome Vehicle Park,"Ouagadougou, Burkina Faso",7,2026-08-03 10:01,58.03,-19.2732,-33.8191,13.3,60.7
Tramonte Veiculos Ltda,TV/BR/26/7742,SOUTH CROSS,SC-1054,"Sao Paulo Vehicle Yard, BR","Santos, BR","Lome, TG",Lome Vehicle Park,"Ouagadougou, Burkina Faso",8,2026-08-03 17:45,65.75,-18.3557,-32.1879,13.6,60.7
Tramonte Veiculos Ltda,TV/BR/26/7742,SOUTH CROSS,SC-1054,"Sao Paulo Vehicle Yard, BR","Santos, BR","Lome, TG",Lome Vehicle Park,"Ouagadougou, Burkina Faso",9,2026-08-04 01:28,73.47,-17.4382,-30.5568,13.9,60.7
Tramonte Veiculos Ltda,TV/BR/26/7742,SOUTH CROSS,SC-1054,"Sao Paulo Vehicle Yard, BR","Santos, BR","Lome, TG",Lome Vehicle Park,"Ouagadougou, Burkina Faso",10,2026-08-04 09:11,81.19,-16.5207,-28.9256,14.1,60.7
Tramonte Veiculos Ltda,TV/BR/26/7742,SOUTH CROSS,SC-1054,"Sao Paulo Vehicle Yard, BR","Santos, BR","Lome, TG",Lome Vehicle Park,"Ouagadougou, Burkina Faso",11,2026-08-04 16:54,88.91,-15.525,-27.3666,14.4,53.4
Tramonte Veiculos Ltda,TV/BR/26/7742,SOUTH CROSS,SC-1054,"Sao Paulo Vehicle Yard, BR","Santos, BR","Lome, TG",Lome Vehicle Park,"Ouagadougou, Burkina Faso",12,2026-08-05 00:37,96.63,-14.4267,-25.9023,14.7,53.4
Tramonte Veiculos Ltda,TV/BR/26/7742,SOUTH CROSS,SC-1054,"Sao Paulo Vehicle Yard, BR","Santos, BR","Lome, TG",Lome Vehicle Park,"Ouagadougou, Burkina Faso",13,2026-08-05 08:20,104.35,-13.3285,-24.4379,13.2,53.4
Tramonte Veiculos Ltda,TV/BR/26/7742,SOUTH CROSS,SC-1054,"Sao Paulo Vehicle Yard, BR","Santos, BR","Lome, TG",Lome Vehicle Park,"Ouagadougou, Burkina Faso",14,2026-08-05 16:03,112.07,-12.2302,-22.9736,13.4,53.4
Tramonte Veiculos Ltda,TV/BR/26/7742,SOUTH CROSS,SC-1054,"Sao Paulo Vehicle Yard, BR","Santos, BR","Lome, TG",Lome Vehicle Park,"Ouagadougou, Burkina Faso",15,2026-08-05 23:47,119.79,-11.1319,-21.5093,13.7,53.4
Tramonte Veiculos Ltda,TV/BR/26/7742,SOUTH CROSS,SC-1054,"Sao Paulo Vehicle Yard, BR","Santos, BR","Lome, TG",Lome Vehicle Park,"Ouagadougou, Burkina Faso",16,2026-08-06 07:30,127.5,-10.0337,-20.0449,14.0,53.4
Tramonte Veiculos Ltda,TV/BR/26/7742,SOUTH CROSS,SC-1054,"Sao Paulo Vehicle Yard, BR","Santos, BR","Lome, TG",Lome Vehicle Park,"Ouagadougou, Burkina Faso",17,2026-08-06 15:13,135.22,-9.0694,-18.511,14.3,58.3
Tramonte Veiculos Ltda,TV/BR/26/7742,SOUTH CROSS,SC-1054,"Sao Paulo Vehicle Yard, BR","Santos, BR","Lome, TG",Lome Vehicle Park,"Ouagadougou, Burkina Faso",18,2026-08-06 22:56,142.94,-8.1093,-16.9749,14.6,58.3
Tramonte Veiculos Ltda,TV/BR/26/7742,SOUTH CROSS,SC-1054,"Sao Paulo Vehicle Yard, BR","Santos, BR","Lome, TG",Lome Vehicle Park,"Ouagadougou, Burkina Faso",19,2026-08-07 06:39,150.66,-7.1492,-15.4388,14.8,58.3
Tramonte Veiculos Ltda,TV/BR/26/7742,SOUTH CROSS,SC-1054,"Sao Paulo Vehicle Yard, BR","Santos, BR","Lome, TG",Lome Vehicle Park,"Ouagadougou, Burkina Faso",20,2026-08-07 14:22,158.38,-6.1891,-13.9026,13.3,58.3
Tramonte Veiculos Ltda,TV/BR/26/7742,SOUTH CROSS,SC-1054,"Sao Paulo Vehicle Yard, BR","Santos, BR","Lome, TG",Lome Vehicle Park,"Ouagadougou, Burkina Faso",21,2026-08-07 22:05,166.1,-5.2291,-12.3665,13.6,58.3
Tramonte Veiculos Ltda,TV/BR/26/7742,SOUTH CROSS,SC-1054,"Sao Paulo Vehicle Yard, BR","Santos, BR","Lome, TG",Lome Vehicle Park,"Ouagadougou, Burkina Faso",22,2026-08-08 05:49,173.82,-4.3193,-10.8087,13.9,60.4
Tramonte Veiculos Ltda,TV/BR/26/7742,SOUTH CROSS,SC-1054,"Sao Paulo Vehicle Yard, BR","Santos, BR","Lome, TG",Lome Vehicle Park,"Ouagadougou, Burkina Faso",23,2026-08-08 13:32,181.54,-3.4252,-9.2441,14.1,60.4
Tramonte Veiculos Ltda,TV/BR/26/7742,SOUTH CROSS,SC-1054,"Sao Paulo Vehicle Yard, BR","Santos, BR","Lome, TG",Lome Vehicle Park,"Ouagadougou, Burkina Faso",24,2026-08-08 21:15,189.26,-2.5311,-7.6795,14.4,60.4
Tramonte Veiculos Ltda,TV/BR/26/7742,SOUTH CROSS,SC-1054,"Sao Paulo Vehicle Yard, BR","Santos, BR","Lome, TG",Lome Vehicle Park,"Ouagadougou, Burkina Faso",25,2026-08-09 04:58,196.98,-1.6371,-6.1149,14.7,60.4
Tramonte Veiculos Ltda,TV/BR/26/7742,SOUTH CROSS,SC-1054,"Sao Paulo Vehicle Yard, BR","Santos, BR","Lome, TG",Lome Vehicle Park,"Ouagadougou, Burkina Faso",26,2026-08-09 12:41,204.69,-0.6342,-4.6342,13.2,45.0
Tramonte Veiculos Ltda,TV/BR/26/7742,SOUTH CROSS,SC-1054,"Sao Paulo Vehicle Yard, BR","Santos, BR","Lome, TG",Lome Vehicle Park,"Ouagadougou, Burkina Faso",27,2026-08-09 20:24,212.41,0.6387,-3.3613,13.4,45.0
Tramonte Veiculos Ltda,TV/BR/26/7742,SOUTH CROSS,SC-1054,"Sao Paulo Vehicle Yard, BR","Santos, BR","Lome, TG",Lome Vehicle Park,"Ouagadougou, Burkina Faso",28,2026-08-10 04:07,220.13,1.9116,-2.0884,13.7,45.0
Tramonte Veiculos Ltda,TV/BR/26/7742,SOUTH CROSS,SC-1054,"Sao Paulo Vehicle Yard, BR","Santos, BR","Lome, TG",Lome Vehicle Park,"Ouagadougou, Burkina Faso",29,2026-08-10 11:51,227.85,3.2646,-0.9053,14.0,37.7
Tramonte Veiculos Ltda,TV/BR/26/7742,SOUTH CROSS,SC-1054,"Sao Paulo Vehicle Yard, BR","Santos, BR","Lome, TG",Lome Vehicle Park,"Ouagadougou, Burkina Faso",30,2026-08-10 19:34,235.57,4.6867,0.2007,14.3,37.7
Tramonte Veiculos Ltda,TV/BR/26/7742,SOUTH CROSS,SC-1054,"Sao Paulo Vehicle Yard, BR","Santos, BR","Lome, TG",Lome Vehicle Park,"Ouagadougou, Burkina Faso",31,2026-08-11 03:17,243.29,6.13,1.28,2.4,36.0
Pearl Coastal Trading LLC,PCT-26-0453,DESERT PEARL,DP-1122,"Sharjah Warehouse 7, AE","Fujairah, AE","Bosaso, SO",Bosaso Market Depot,"Garowe, Somalia",0,2026-08-01 18:00,18.0,25.12,56.36,3.2,113.8
Pearl Coastal Trading LLC,PCT-26-0453,DESERT PEARL,DP-1122,"Sharjah Warehouse 7, AE","Fujairah, AE","Bosaso, SO",Bosaso Market Depot,"Garowe, Somalia",1,2026-08-01 21:45,21.77,24.8488,57.0203,10.1,113.8
Pearl Coastal Trading LLC,PCT-26-0453,DESERT PEARL,DP-1122,"Sharjah Warehouse 7, AE","Fujairah, AE","Bosaso, SO",Bosaso Market Depot,"Garowe, Somalia",2,2026-08-02 01:31,25.53,24.5776,57.6807,10.3,113.8
Pearl Coastal Trading LLC,PCT-26-0453,DESERT PEARL,DP-1122,"Sharjah Warehouse 7, AE","Fujairah, AE","Bosaso, SO",Bosaso Market Depot,"Garowe, Somalia",3,2026-08-02 05:17,29.3,24.3064,58.341,10.5,113.8
Pearl Coastal Trading LLC,PCT-26-0453,DESERT PEARL,DP-1122,"Sharjah Warehouse 7, AE","Fujairah, AE","Bosaso, SO",Bosaso Market Depot,"Garowe, Somalia",4,2026-08-02 09:03,33.06,23.8908,58.8766,10.7,140.2
Pearl Coastal Trading LLC,PCT-26-0453,DESERT PEARL,DP-1122,"Sharjah Warehouse 7, AE","Fujairah, AE","Bosaso, SO",Bosaso Market Depot,"Garowe, Somalia",5,2026-08-02 12:49,36.83,23.3821,59.3318,10.9,140.2
Pearl Coastal Trading LLC,PCT-26-0453,DESERT PEARL,DP-1122,"Sharjah Warehouse 7, AE","Fujairah, AE","Bosaso, SO",Bosaso Market Depot,"Garowe, Somalia",6,2026-08-02 16:35,40.59,22.8734,59.787,11.1,140.2
Pearl Coastal Trading LLC,PCT-26-0453,DESERT PEARL,DP-1122,"Sharjah Warehouse 7, AE","Fujairah, AE","Bosaso, SO",Bosaso Market Depot,"Garowe, Somalia",7,2026-08-02 20:21,44.36,22.3647,60.2422,10.0,140.2
Pearl Coastal Trading LLC,PCT-26-0453,DESERT PEARL,DP-1122,"Sharjah Warehouse 7, AE","Fujairah, AE","Bosaso, SO",Bosaso Market Depot,"Garowe, Somalia",8,2026-08-03 00:07,48.12,21.7371,60.1749,10.2,191.8
Pearl Coastal Trading LLC,PCT-26-0453,DESERT PEARL,DP-1122,"Sharjah Warehouse 7, AE","Fujairah, AE","Bosaso, SO",Bosaso Market Depot,"Garowe, Somalia",9,2026-08-03 03:53,51.89,21.0922,60.0316,10.4,191.8
Pearl Coastal Trading LLC,PCT-26-0453,DESERT PEARL,DP-1122,"Sharjah Warehouse 7, AE","Fujairah, AE","Bosaso, SO",Bosaso Market Depot,"Garowe, Somalia",10,2026-08-03 07:39,55.66,20.4618,59.8599,10.6,225.1
Pearl Coastal Trading LLC,PCT-26-0453,DESERT PEARL,DP-1122,"Sharjah Warehouse 7, AE","Fujairah, AE","Bosaso, SO",Bosaso Market Depot,"Garowe, Somalia",11,2026-08-03 11:25,59.42,19.9937,59.3684,10.8,225.1
Pearl Coastal Trading LLC,PCT-26-0453,DESERT PEARL,DP-1122,"Sharjah Warehouse 7, AE","Fujairah, AE","Bosaso, SO",Bosaso Market Depot,"Garowe, Somalia",12,2026-08-03 15:11,63.19,19.5257,58.8769,11.0,225.1
Pearl Coastal Trading LLC,PCT-26-0453,DESERT PEARL,DP-1122,"Sharjah Warehouse 7, AE","Fujairah, AE","Bosaso, SO",Bosaso Market Depot,"Garowe, Somalia",13,2026-08-03 18:57,66.95,19.0576,58.3855,9.9,225.1
Pearl Coastal Trading LLC,PCT-26-0453,DESERT PEARL,DP-1122,"Sharjah Warehouse 7, AE","Fujairah, AE","Bosaso, SO",Bosaso Market Depot,"Garowe, Somalia",14,2026-08-03 22:43,70.72,18.5895,57.894,10.1,225.1
Pearl Coastal Trading LLC,PCT-26-0453,DESERT PEARL,DP-1122,"Sharjah Warehouse 7, AE","Fujairah, AE","Bosaso, SO",Bosaso Market Depot,"Garowe, Somalia",15,2026-08-04 02:29,74.48,18.207,57.3339,10.3,237.2
Pearl Coastal Trading LLC,PCT-26-0453,DESERT PEARL,DP-1122,"Sharjah Warehouse 7, AE","Fujairah, AE","Bosaso, SO",Bosaso Market Depot,"Garowe, Somalia",16,2026-08-04 06:14,78.25,17.8447,56.7575,10.5,237.2
Pearl Coastal Trading LLC,PCT-26-0453,DESERT PEARL,DP-1122,"Sharjah Warehouse 7, AE","Fujairah, AE","Bosaso, SO",Bosaso Market Depot,"Garowe, Somalia",17,2026-08-04 10:00,82.01,17.4825,56.1812,10.7,237.2
Pearl Coastal Trading LLC,PCT-26-0453,DESERT PEARL,DP-1122,"Sharjah Warehouse 7, AE","Fujairah, AE","Bosaso, SO",Bosaso Market Depot,"Garowe, Somalia",18,2026-08-04 13:46,85.78,17.1202,55.6048,10.9,237.2
Pearl Coastal Trading LLC,PCT-26-0453,DESERT PEARL,DP-1122,"Sharjah Warehouse 7, AE","Fujairah, AE","Bosaso, SO",Bosaso Market Depot,"Garowe, Somalia",19,2026-08-04 17:32,89.55,16.7579,55.0285,11.1,237.2
Pearl Coastal Trading LLC,PCT-26-0453,DESERT PEARL,DP-1122,"Sharjah Warehouse 7, AE","Fujairah, AE","Bosaso, SO",Bosaso Market Depot,"Garowe, Somalia",20,2026-08-04 21:18,93.31,16.3956,54.4521,10.0,237.2
Pearl Coastal Trading LLC,PCT-26-0453,DESERT PEARL,DP-1122,"Sharjah Warehouse 7, AE","Fujairah, AE","Bosaso, SO",Bosaso Market Depot,"Garowe, Somalia",21,2026-08-05 01:04,97.08,15.9512,53.9512,10.2,224.3
Pearl Coastal Trading LLC,PCT-26-0453,DESERT PEARL,DP-1122,"Sharjah Warehouse 7, AE","Fujairah, AE","Bosaso, SO",Bosaso Market Depot,"Garowe, Somalia",22,2026-08-05 04:50,100.84,15.4774,53.4774,10.4,224.3
Pearl Coastal Trading LLC,PCT-26-0453,DESERT PEARL,DP-1122,"Sharjah Warehouse 7, AE","Fujairah, AE","Bosaso, SO",Bosaso Market Depot,"Garowe, Somalia",23,2026-08-05 08:36,104.61,15.0036,53.0036,10.6,224.3
Pearl Coastal Trading LLC,PCT-26-0453,DESERT PEARL,DP-1122,"Sharjah Warehouse 7, AE","Fujairah, AE","Bosaso, SO",Bosaso Market Depot,"Garowe, Somalia",24,2026-08-05 12:22,108.37,14.5297,52.5297,10.8,224.3
Pearl Coastal Trading LLC,PCT-26-0453,DESERT PEARL,DP-1122,"Sharjah Warehouse 7, AE","Fujairah, AE","Bosaso, SO",Bosaso Market Depot,"Garowe, Somalia",25,2026-08-05 16:08,112.14,14.0559,52.0559,11.0,224.3
Pearl Coastal Trading LLC,PCT-26-0453,DESERT PEARL,DP-1122,"Sharjah Warehouse 7, AE","Fujairah, AE","Bosaso, SO",Bosaso Market Depot,"Garowe, Somalia",26,2026-08-05 19:54,115.91,13.6116,51.5562,9.9,228.2
Pearl Coastal Trading LLC,PCT-26-0453,DESERT PEARL,DP-1122,"Sharjah Warehouse 7, AE","Fujairah, AE","Bosaso, SO",Bosaso Market Depot,"Garowe, Somalia",27,2026-08-05 23:40,119.67,13.1713,51.053,10.1,228.2
Pearl Coastal Trading LLC,PCT-26-0453,DESERT PEARL,DP-1122,"Sharjah Warehouse 7, AE","Fujairah, AE","Bosaso, SO",Bosaso Market Depot,"Garowe, Somalia",28,2026-08-06 03:26,123.44,12.731,50.5498,10.3,228.2
Pearl Coastal Trading LLC,PCT-26-0453,DESERT PEARL,DP-1122,"Sharjah Warehouse 7, AE","Fujairah, AE","Bosaso, SO",Bosaso Market Depot,"Garowe, Somalia",29,2026-08-06 07:12,127.2,12.2569,50.0829,10.5,222.2
Pearl Coastal Trading LLC,PCT-26-0453,DESERT PEARL,DP-1122,"Sharjah Warehouse 7, AE","Fujairah, AE","Bosaso, SO",Bosaso Market Depot,"Garowe, Somalia",30,2026-08-06 10:58,130.97,11.7685,49.6315,10.7,222.2
Pearl Coastal Trading LLC,PCT-26-0453,DESERT PEARL,DP-1122,"Sharjah Warehouse 7, AE","Fujairah, AE","Bosaso, SO",Bosaso Market Depot,"Garowe, Somalia",31,2026-08-06 14:43,134.73,11.28,49.18,2.4,222.2
Nordic Pharma Logistics A/S,NPL-2026-1188,NORDIC BRIDGE,NB-1233,"Copenhagen Cold Store, DK","Antwerp, BE","New York, US",Edison NJ Distribution Center,"Newark, United States",0,2026-08-01 09:00,9.0,51.3,3.2,3.2,259.3
Nordic Pharma Logistics A/S,NPL-2026-1188,NORDIC BRIDGE,NB-1233,"Copenhagen Cold Store, DK","Antwerp, BE","New York, US",Edison NJ Distribution Center,"Newark, United States",1,2026-08-01 15:04,15.08,50.7102,0.5014,17.3,242.0
Nordic Pharma Logistics A/S,NPL-2026-1188,NORDIC BRIDGE,NB-1233,"Copenhagen Cold Store, DK","Antwerp, BE","New York, US",Edison NJ Distribution Center,"Newark, United States",2,2026-08-01 21:09,21.15,49.9146,-2.0488,17.6,258.2
Nordic Pharma Logistics A/S,NPL-2026-1188,NORDIC BRIDGE,NB-1233,"Copenhagen Cold Store, DK","Antwerp, BE","New York, US",Edison NJ Distribution Center,"Newark, United States",3,2026-08-02 03:13,27.23,49.489,-4.7851,18.0,258.2
Nordic Pharma Logistics A/S,NPL-2026-1188,NORDIC BRIDGE,NB-1233,"Copenhagen Cold Store, DK","Antwerp, BE","New York, US",Edison NJ Distribution Center,"Newark, United States",4,2026-08-02 09:18,33.31,49.0986,-7.5105,18.4,260.8
Nordic Pharma Logistics A/S,NPL-2026-1188,NORDIC BRIDGE,NB-1233,"Copenhagen Cold Store, DK","Antwerp, BE","New York, US",Edison NJ Distribution Center,"Newark, United States",5,2026-08-02 15:22,39.38,48.7364,-10.2272,18.7,260.8
Nordic Pharma Logistics A/S,NPL-2026-1188,NORDIC BRIDGE,NB-1233,"Copenhagen Cold Store, DK","Antwerp, BE","New York, US",Edison NJ Distribution Center,"Newark, United States",6,2026-08-02 21:27,45.46,48.3202,-12.8991,19.1,257.2
Nordic Pharma Logistics A/S,NPL-2026-1188,NORDIC BRIDGE,NB-1233,"Copenhagen Cold Store, DK","Antwerp, BE","New York, US",Edison NJ Distribution Center,"Newark, United States",7,2026-08-03 03:32,51.54,47.8026,-15.4869,17.1,257.2
Nordic Pharma Logistics A/S,NPL-2026-1188,NORDIC BRIDGE,NB-1233,"Copenhagen Cold Store, DK","Antwerp, BE","New York, US",Edison NJ Distribution Center,"Newark, United States",8,2026-08-03 09:36,57.61,47.2851,-18.0747,17.5,257.2
Nordic Pharma Logistics A/S,NPL-2026-1188,NORDIC BRIDGE,NB-1233,"Copenhagen Cold Store, DK","Antwerp, BE","New York, US",Edison NJ Distribution Center,"Newark, United States",9,2026-08-03 15:41,63.69,46.7675,-20.6625,17.8,257.2
Nordic Pharma Logistics A/S,NPL-2026-1188,NORDIC BRIDGE,NB-1233,"Copenhagen Cold Store, DK","Antwerp, BE","New York, US",Edison NJ Distribution Center,"Newark, United States",10,2026-08-03 21:45,69.77,46.2293,-23.1909,18.2,256.1
Nordic Pharma Logistics A/S,NPL-2026-1188,NORDIC BRIDGE,NB-1233,"Copenhagen Cold Store, DK","Antwerp, BE","New York, US",Edison NJ Distribution Center,"Newark, United States",11,2026-08-04 03:50,75.84,45.6691,-25.6559,18.5,256.1
Nordic Pharma Logistics A/S,NPL-2026-1188,NORDIC BRIDGE,NB-1233,"Copenhagen Cold Store, DK","Antwerp, BE","New York, US",Edison NJ Distribution Center,"Newark, United States",12,2026-08-04 09:55,81.92,45.1089,-28.1208,18.9,256.1
Nordic Pharma Logistics A/S,NPL-2026-1188,NORDIC BRIDGE,NB-1233,"Copenhagen Cold Store, DK","Antwerp, BE","New York, US",Edison NJ Distribution Center,"Newark, United States",13,2026-08-04 15:59,88.0,44.5487,-30.5858,16.9,256.1
Nordic Pharma Logistics A/S,NPL-2026-1188,NORDIC BRIDGE,NB-1233,"Copenhagen Cold Store, DK","Antwerp, BE","New York, US",Edison NJ Distribution Center,"Newark, United States",14,2026-08-04 22:04,94.07,43.9917,-33.0501,17.3,261.3
Nordic Pharma Logistics A/S,NPL-2026-1188,NORDIC BRIDGE,NB-1233,"Copenhagen Cold Store, DK","Antwerp, BE","New York, US",Edison NJ Distribution Center,"Newark, United States",15,2026-08-05 04:08,100.15,43.5865,-35.4811,17.6,261.3
Nordic Pharma Logistics A/S,NPL-2026-1188,NORDIC BRIDGE,NB-1233,"Copenhagen Cold Store, DK","Antwerp, BE","New York, US",Edison NJ Distribution Center,"Newark, United States",16,2026-08-05 10:13,106.22,43.1813,-37.9121,18.0,261.3
Nordic Pharma Logistics A/S,NPL-2026-1188,NORDIC BRIDGE,NB-1233,"Copenhagen Cold Store, DK","Antwerp, BE","New York, US",Edison NJ Distribution Center,"Newark, United States",17,2026-08-05 16:18,112.3,42.7761,-40.3432,18.4,261.3
Nordic Pharma Logistics A/S,NPL-2026-1188,NORDIC BRIDGE,NB-1233,"Copenhagen Cold Store, DK","Antwerp, BE","New York, US",Edison NJ Distribution Center,"Newark, United States",18,2026-08-05 22:22,118.38,42.371,-42.7742,18.7,261.3
Nordic Pharma Logistics A/S,NPL-2026-1188,NORDIC BRIDGE,NB-1233,"Copenhagen Cold Store, DK","Antwerp, BE","New York, US",Edison NJ Distribution Center,"Newark, United States",19,2026-08-06 04:27,124.45,41.9812,-45.2037,19.1,267.3
Nordic Pharma Logistics A/S,NPL-2026-1188,NORDIC BRIDGE,NB-1233,"Copenhagen Cold Store, DK","Antwerp, BE","New York, US",Edison NJ Distribution Center,"Newark, United States",20,2026-08-06 10:31,130.53,41.7585,-47.6165,17.1,267.3
Nordic Pharma Logistics A/S,NPL-2026-1188,NORDIC BRIDGE,NB-1233,"Copenhagen Cold Store, DK","Antwerp, BE","New York, US",Edison NJ Distribution Center,"Newark, United States",21,2026-08-06 16:36,136.61,41.5358,-50.0294,17.5,267.3
Nordic Pharma Logistics A/S,NPL-2026-1188,NORDIC BRIDGE,NB-1233,"Copenhagen Cold Store, DK","Antwerp, BE","New York, US",Edison NJ Distribution Center,"Newark, United States",22,2026-08-06 22:41,142.68,41.313,-52.4422,17.8,267.3
Nordic Pharma Logistics A/S,NPL-2026-1188,NORDIC BRIDGE,NB-1233,"Copenhagen Cold Store, DK","Antwerp, BE","New York, US",Edison NJ Distribution Center,"Newark, United States",23,2026-08-07 04:45,148.76,41.0903,-54.855,18.2,267.3
Nordic Pharma Logistics A/S,NPL-2026-1188,NORDIC BRIDGE,NB-1233,"Copenhagen Cold Store, DK","Antwerp, BE","New York, US",Edison NJ Distribution Center,"Newark, United States",24,2026-08-07 10:50,154.84,40.8676,-57.2678,18.5,267.3
Nordic Pharma Logistics A/S,NPL-2026-1188,NORDIC BRIDGE,NB-1233,"Copenhagen Cold Store, DK","Antwerp, BE","New York, US",Edison NJ Distribution Center,"Newark, United States",25,2026-08-07 16:54,160.91,40.7166,-59.6673,18.9,269.5
Nordic Pharma Logistics A/S,NPL-2026-1188,NORDIC BRIDGE,NB-1233,"Copenhagen Cold Store, DK","Antwerp, BE","New York, US",Edison NJ Distribution Center,"Newark, United States",26,2026-08-07 22:59,166.99,40.597,-62.061,16.9,269.5
Nordic Pharma Logistics A/S,NPL-2026-1188,NORDIC BRIDGE,NB-1233,"Copenhagen Cold Store, DK","Antwerp, BE","New York, US",Edison NJ Distribution Center,"Newark, United States",27,2026-08-08 05:04,173.07,40.4773,-64.4546,17.3,269.5
Nordic Pharma Logistics A/S,NPL-2026-1188,NORDIC BRIDGE,NB-1233,"Copenhagen Cold Store, DK","Antwerp, BE","New York, US",Edison NJ Distribution Center,"Newark, United States",28,2026-08-08 11:08,179.14,40.3576,-66.8483,17.6,269.5
Nordic Pharma Logistics A/S,NPL-2026-1188,NORDIC BRIDGE,NB-1233,"Copenhagen Cold Store, DK","Antwerp, BE","New York, US",Edison NJ Distribution Center,"Newark, United States",29,2026-08-08 17:13,185.22,40.3515,-69.24,18.0,275.1
Nordic Pharma Logistics A/S,NPL-2026-1188,NORDIC BRIDGE,NB-1233,"Copenhagen Cold Store, DK","Antwerp, BE","New York, US",Edison NJ Distribution Center,"Newark, United States",30,2026-08-08 23:17,191.3,40.4507,-71.63,18.4,275.1
Nordic Pharma Logistics A/S,NPL-2026-1188,NORDIC BRIDGE,NB-1233,"Copenhagen Cold Store, DK","Antwerp, BE","New York, US",Edison NJ Distribution Center,"Newark, United States",31,2026-08-09 05:22,197.37,40.55,-74.02,2.4,275.1
Selat Agro Nusantara PT,SAN/26/0619,STRAIT VOYAGER,SV-1199,"Bekasi Mill, ID","Tanjung Priok, ID","Port Klang, MY",Shah Alam Tank Farm,"Kuala Lumpur, Malaysia",0,2026-08-02 02:00,26.0,-6.1,106.88,3.2,342.8
Selat Agro Nusantara PT,SAN/26/0619,STRAIT VOYAGER,SV-1199,"Bekasi Mill, ID","Tanjung Priok, ID","Port Klang, MY",Shah Alam Tank Farm,"Kuala Lumpur, Malaysia",1,2026-08-02 03:56,27.94,-5.7141,106.7599,12.0,342.8
Selat Agro Nusantara PT,SAN/26/0619,STRAIT VOYAGER,SV-1199,"Bekasi Mill, ID","Tanjung Priok, ID","Port Klang, MY",Shah Alam Tank Farm,"Kuala Lumpur, Malaysia",2,2026-08-02 05:52,29.88,-5.3282,106.6399,12.2,342.8
Selat Agro Nusantara PT,SAN/26/0619,STRAIT VOYAGER,SV-1199,"Bekasi Mill, ID","Tanjung Priok, ID","Port Klang, MY",Shah Alam Tank Farm,"Kuala Lumpur, Malaysia",3,2026-08-02 07:49,31.82,-4.9494,106.7002,12.5,21.8
Selat Agro Nusantara PT,SAN/26/0619,STRAIT VOYAGER,SV-1199,"Bekasi Mill, ID","Tanjung Priok, ID","Port Klang, MY",Shah Alam Tank Farm,"Kuala Lumpur, Malaysia",4,2026-08-02 09:45,33.76,-4.5742,106.8503,12.8,21.8
Selat Agro Nusantara PT,SAN/26/0619,STRAIT VOYAGER,SV-1199,"Bekasi Mill, ID","Tanjung Priok, ID","Port Klang, MY",Shah Alam Tank Farm,"Kuala Lumpur, Malaysia",5,2026-08-02 11:42,35.7,-4.199,107.0004,13.0,21.8
Selat Agro Nusantara PT,SAN/26/0619,STRAIT VOYAGER,SV-1199,"Bekasi Mill, ID","Tanjung Priok, ID","Port Klang, MY",Shah Alam Tank Farm,"Kuala Lumpur, Malaysia",6,2026-08-02 13:38,37.64,-3.8237,107.1505,13.2,21.8
Selat Agro Nusantara PT,SAN/26/0619,STRAIT VOYAGER,SV-1199,"Bekasi Mill, ID","Tanjung Priok, ID","Port Klang, MY",Shah Alam Tank Farm,"Kuala Lumpur, Malaysia",7,2026-08-02 15:34,39.58,-3.4485,107.3006,11.9,21.8
Selat Agro Nusantara PT,SAN/26/0619,STRAIT VOYAGER,SV-1199,"Bekasi Mill, ID","Tanjung Priok, ID","Port Klang, MY",Shah Alam Tank Farm,"Kuala Lumpur, Malaysia",8,2026-08-02 17:31,41.52,-3.0882,107.3217,12.1,325.0
Selat Agro Nusantara PT,SAN/26/0619,STRAIT VOYAGER,SV-1199,"Bekasi Mill, ID","Tanjung Priok, ID","Port Klang, MY",Shah Alam Tank Farm,"Kuala Lumpur, Malaysia",9,2026-08-02 19:27,43.46,-2.7572,107.09,12.4,325.0
Selat Agro Nusantara PT,SAN/26/0619,STRAIT VOYAGER,SV-1199,"Bekasi Mill, ID","Tanjung Priok, ID","Port Klang, MY",Shah Alam Tank Farm,"Kuala Lumpur, Malaysia",10,2026-08-02 21:24,45.4,-2.4261,106.8583,12.6,325.0
Selat Agro Nusantara PT,SAN/26/0619,STRAIT VOYAGER,SV-1199,"Bekasi Mill, ID","Tanjung Priok, ID","Port Klang, MY",Shah Alam Tank Farm,"Kuala Lumpur, Malaysia",11,2026-08-02 23:20,47.34,-2.0951,106.6266,12.9,325.0
Selat Agro Nusantara PT,SAN/26/0619,STRAIT VOYAGER,SV-1199,"Bekasi Mill, ID","Tanjung Priok, ID","Port Klang, MY",Shah Alam Tank Farm,"Kuala Lumpur, Malaysia",12,2026-08-03 01:17,49.28,-1.7641,106.3948,13.1,325.0
Selat Agro Nusantara PT,SAN/26/0619,STRAIT VOYAGER,SV-1199,"Bekasi Mill, ID","Tanjung Priok, ID","Port Klang, MY",Shah Alam Tank Farm,"Kuala Lumpur, Malaysia",13,2026-08-03 03:13,51.23,-1.433,106.1631,11.8,325.0
Selat Agro Nusantara PT,SAN/26/0619,STRAIT VOYAGER,SV-1199,"Bekasi Mill, ID","Tanjung Priok, ID","Port Klang, MY",Shah Alam Tank Farm,"Kuala Lumpur, Malaysia",14,2026-08-03 05:09,53.17,-1.1056,105.9266,12.0,322.1
Selat Agro Nusantara PT,SAN/26/0619,STRAIT VOYAGER,SV-1199,"Bekasi Mill, ID","Tanjung Priok, ID","Port Klang, MY",Shah Alam Tank Farm,"Kuala Lumpur, Malaysia",15,2026-08-03 07:06,55.11,-0.7867,105.6785,12.2,322.1
Selat Agro Nusantara PT,SAN/26/0619,STRAIT VOYAGER,SV-1199,"Bekasi Mill, ID","Tanjung Priok, ID","Port Klang, MY",Shah Alam Tank Farm,"Kuala Lumpur, Malaysia",16,2026-08-03 09:02,57.05,-0.4678,105.4305,12.5,322.1
Selat Agro Nusantara PT,SAN/26/0619,STRAIT VOYAGER,SV-1199,"Bekasi Mill, ID","Tanjung Priok, ID","Port Klang, MY",Shah Alam Tank Farm,"Kuala Lumpur, Malaysia",17,2026-08-03 10:59,58.99,-0.1489,105.1825,12.8,322.1
Selat Agro Nusantara PT,SAN/26/0619,STRAIT VOYAGER,SV-1199,"Bekasi Mill, ID","Tanjung Priok, ID","Port Klang, MY",Shah Alam Tank Farm,"Kuala Lumpur, Malaysia",18,2026-08-03 12:55,60.93,0.17,104.9345,13.0,322.1
Selat Agro Nusantara PT,SAN/26/0619,STRAIT VOYAGER,SV-1199,"Bekasi Mill, ID","Tanjung Priok, ID","Port Klang, MY",Shah Alam Tank Farm,"Kuala Lumpur, Malaysia",19,2026-08-03 14:52,62.87,0.4889,104.6864,13.2,322.1
Selat Agro Nusantara PT,SAN/26/0619,STRAIT VOYAGER,SV-1199,"Bekasi Mill, ID","Tanjung Priok, ID","Port Klang, MY",Shah Alam Tank Farm,"Kuala Lumpur, Malaysia",20,2026-08-03 16:48,64.81,0.7354,104.3743,11.9,301.0
Selat Agro Nusantara PT,SAN/26/0619,STRAIT VOYAGER,SV-1199,"Bekasi Mill, ID","Tanjung Priok, ID","Port Klang, MY",Shah Alam Tank Farm,"Kuala Lumpur, Malaysia",21,2026-08-03 18:44,66.75,0.9433,104.0279,12.1,301.0
Selat Agro Nusantara PT,SAN/26/0619,STRAIT VOYAGER,SV-1199,"Bekasi Mill, ID","Tanjung Priok, ID","Port Klang, MY",Shah Alam Tank Farm,"Kuala Lumpur, Malaysia",22,2026-08-03 20:41,68.69,1.1512,103.6814,12.4,301.0
Selat Agro Nusantara PT,SAN/26/0619,STRAIT VOYAGER,SV-1199,"Bekasi Mill, ID","Tanjung Priok, ID","Port Klang, MY",Shah Alam Tank Farm,"Kuala Lumpur, Malaysia",23,2026-08-03 22:37,70.63,1.3295,103.3193,12.6,294.8
Selat Agro Nusantara PT,SAN/26/0619,STRAIT VOYAGER,SV-1199,"Bekasi Mill, ID","Tanjung Priok, ID","Port Klang, MY",Shah Alam Tank Farm,"Kuala Lumpur, Malaysia",24,2026-08-04 00:34,72.57,1.4989,102.9524,12.9,294.8
Selat Agro Nusantara PT,SAN/26/0619,STRAIT VOYAGER,SV-1199,"Bekasi Mill, ID","Tanjung Priok, ID","Port Klang, MY",Shah Alam Tank Farm,"Kuala Lumpur, Malaysia",25,2026-08-04 02:30,74.51,1.6682,102.5855,13.1,294.8
Selat Agro Nusantara PT,SAN/26/0619,STRAIT VOYAGER,SV-1199,"Bekasi Mill, ID","Tanjung Priok, ID","Port Klang, MY",Shah Alam Tank Farm,"Kuala Lumpur, Malaysia",26,2026-08-04 04:27,76.45,1.8425,102.2211,11.8,298.3
Selat Agro Nusantara PT,SAN/26/0619,STRAIT VOYAGER,SV-1199,"Bekasi Mill, ID","Tanjung Priok, ID","Port Klang, MY",Shah Alam Tank Farm,"Kuala Lumpur, Malaysia",27,2026-08-04 06:23,78.39,2.0341,101.8652,12.0,298.3
Selat Agro Nusantara PT,SAN/26/0619,STRAIT VOYAGER,SV-1199,"Bekasi Mill, ID","Tanjung Priok, ID","Port Klang, MY",Shah Alam Tank Farm,"Kuala Lumpur, Malaysia",28,2026-08-04 08:19,80.33,2.2258,101.5093,12.2,298.3
Selat Agro Nusantara PT,SAN/26/0619,STRAIT VOYAGER,SV-1199,"Bekasi Mill, ID","Tanjung Priok, ID","Port Klang, MY",Shah Alam Tank Farm,"Kuala Lumpur, Malaysia",29,2026-08-04 10:16,82.27,2.4174,101.1534,12.5,298.3
Selat Agro Nusantara PT,SAN/26/0619,STRAIT VOYAGER,SV-1199,"Bekasi Mill, ID","Tanjung Priok, ID","Port Klang, MY",Shah Alam Tank Farm,"Kuala Lumpur, Malaysia",30,2026-08-04 12:12,84.21,2.6813,101.1414,12.8,37.9
Selat Agro Nusantara PT,SAN/26/0619,STRAIT VOYAGER,SV-1199,"Bekasi Mill, ID","Tanjung Priok, ID","Port Klang, MY",Shah Alam Tank Farm,"Kuala Lumpur, Malaysia",31,2026-08-04 14:09,86.15,3.0,101.39,2.4,37.9
Silk Route Textiles (Pvt) Ltd,SRT-2026-5520,SILK MARINER,SM-1247,"Faisalabad Mill, PK","Karachi, PK","Jebel Ali, AE",Dubai Textile City DC,"Dubai, United Arab Emirates",0,2026-08-01 22:00,22.0,24.84,66.99,3.2,255.2
Silk Route Textiles (Pvt) Ltd,SRT-2026-5520,SILK MARINER,SM-1247,"Faisalabad Mill, PK","Karachi, PK","Jebel Ali, AE",Dubai Textile City DC,"Dubai, United Arab Emirates",1,2026-08-02 00:05,24.09,24.7309,66.5464,11.5,255.2
Silk Route Textiles (Pvt) Ltd,SRT-2026-5520,SILK MARINER,SM-1247,"Faisalabad Mill, PK","Karachi, PK","Jebel Ali, AE",Dubai Textile City DC,"Dubai, United Arab Emirates",2,2026-08-02 02:10,26.18,24.6219,66.1027,11.8,255.2
Silk Route Textiles (Pvt) Ltd,SRT-2026-5520,SILK MARINER,SM-1247,"Faisalabad Mill, PK","Karachi, PK","Jebel Ali, AE",Dubai Textile City DC,"Dubai, United Arab Emirates",3,2026-08-02 04:16,28.27,24.5128,65.6591,12.0,255.2
Silk Route Textiles (Pvt) Ltd,SRT-2026-5520,SILK MARINER,SM-1247,"Faisalabad Mill, PK","Karachi, PK","Jebel Ali, AE",Dubai Textile City DC,"Dubai, United Arab Emirates",4,2026-08-02 06:21,30.36,24.4038,65.2154,12.2,255.2
Silk Route Textiles (Pvt) Ltd,SRT-2026-5520,SILK MARINER,SM-1247,"Faisalabad Mill, PK","Karachi, PK","Jebel Ali, AE",Dubai Textile City DC,"Dubai, United Arab Emirates",5,2026-08-02 08:27,32.45,24.4316,64.7583,12.5,274.9
Silk Route Textiles (Pvt) Ltd,SRT-2026-5520,SILK MARINER,SM-1247,"Faisalabad Mill, PK","Karachi, PK","Jebel Ali, AE",Dubai Textile City DC,"Dubai, United Arab Emirates",6,2026-08-02 10:32,34.54,24.4642,64.3006,12.7,274.9
Silk Route Textiles (Pvt) Ltd,SRT-2026-5520,SILK MARINER,SM-1247,"Faisalabad Mill, PK","Karachi, PK","Jebel Ali, AE",Dubai Textile City DC,"Dubai, United Arab Emirates",7,2026-08-02 12:37,36.63,24.4969,63.843,11.4,274.9
Silk Route Textiles (Pvt) Ltd,SRT-2026-5520,SILK MARINER,SM-1247,"Faisalabad Mill, PK","Karachi, PK","Jebel Ali, AE",Dubai Textile City DC,"Dubai, United Arab Emirates",8,2026-08-02 14:43,38.72,24.5296,63.3854,11.6,274.9
Silk Route Textiles (Pvt) Ltd,SRT-2026-5520,SILK MARINER,SM-1247,"Faisalabad Mill, PK","Karachi, PK","Jebel Ali, AE",Dubai Textile City DC,"Dubai, United Arab Emirates",9,2026-08-02 16:48,40.81,24.5855,62.9314,11.9,283.2
Silk Route Textiles (Pvt) Ltd,SRT-2026-5520,SILK MARINER,SM-1247,"Faisalabad Mill, PK","Karachi, PK","Jebel Ali, AE",Dubai Textile City DC,"Dubai, United Arab Emirates",10,2026-08-02 18:54,42.9,24.6798,62.4836,12.1,283.2
Silk Route Textiles (Pvt) Ltd,SRT-2026-5520,SILK MARINER,SM-1247,"Faisalabad Mill, PK","Karachi, PK","Jebel Ali, AE",Dubai Textile City DC,"Dubai, United Arab Emirates",11,2026-08-02 20:59,44.99,24.6964,62.0488,12.4,240.0
Silk Route Textiles (Pvt) Ltd,SRT-2026-5520,SILK MARINER,SM-1247,"Faisalabad Mill, PK","Karachi, PK","Jebel Ali, AE",Dubai Textile City DC,"Dubai, United Arab Emirates",12,2026-08-02 23:05,47.08,24.4863,61.6518,12.6,240.0
Silk Route Textiles (Pvt) Ltd,SRT-2026-5520,SILK MARINER,SM-1247,"Faisalabad Mill, PK","Karachi, PK","Jebel Ali, AE",Dubai Textile City DC,"Dubai, United Arab Emirates",13,2026-08-03 01:10,49.17,24.2824,61.2517,11.3,248.5
Silk Route Textiles (Pvt) Ltd,SRT-2026-5520,SILK MARINER,SM-1247,"Faisalabad Mill, PK","Karachi, PK","Jebel Ali, AE",Dubai Textile City DC,"Dubai, United Arab Emirates",14,2026-08-03 03:15,51.27,24.1278,60.8265,11.5,248.5
Silk Route Textiles (Pvt) Ltd,SRT-2026-5520,SILK MARINER,SM-1247,"Faisalabad Mill, PK","Karachi, PK","Jebel Ali, AE",Dubai Textile City DC,"Dubai, United Arab Emirates",15,2026-08-03 05:21,53.36,23.9732,60.4013,11.8,248.5
Silk Route Textiles (Pvt) Ltd,SRT-2026-5520,SILK MARINER,SM-1247,"Faisalabad Mill, PK","Karachi, PK","Jebel Ali, AE",Dubai Textile City DC,"Dubai, United Arab Emirates",16,2026-08-03 07:26,55.45,23.9863,59.9781,12.0,293.5
Silk Route Textiles (Pvt) Ltd,SRT-2026-5520,SILK MARINER,SM-1247,"Faisalabad Mill, PK","Karachi, PK","Jebel Ali, AE",Dubai Textile City DC,"Dubai, United Arab Emirates",17,2026-08-03 09:32,57.54,24.1502,59.5566,12.2,293.5
Silk Route Textiles (Pvt) Ltd,SRT-2026-5520,SILK MARINER,SM-1247,"Faisalabad Mill, PK","Karachi, PK","Jebel Ali, AE",Dubai Textile City DC,"Dubai, United Arab Emirates",18,2026-08-03 11:37,59.63,24.3141,59.1351,12.5,293.5
Silk Route Textiles (Pvt) Ltd,SRT-2026-5520,SILK MARINER,SM-1247,"Faisalabad Mill, PK","Karachi, PK","Jebel Ali, AE",Dubai Textile City DC,"Dubai, United Arab Emirates",19,2026-08-03 13:43,61.72,24.478,58.7136,12.7,293.5
Silk Route Textiles (Pvt) Ltd,SRT-2026-5520,SILK MARINER,SM-1247,"Faisalabad Mill, PK","Karachi, PK","Jebel Ali, AE",Dubai Textile City DC,"Dubai, United Arab Emirates",20,2026-08-03 15:48,63.81,24.6738,58.3146,11.4,313.9
Silk Route Textiles (Pvt) Ltd,SRT-2026-5520,SILK MARINER,SM-1247,"Faisalabad Mill, PK","Karachi, PK","Jebel Ali, AE",Dubai Textile City DC,"Dubai, United Arab Emirates",21,2026-08-03 17:53,65.9,24.9621,57.9807,11.6,313.9
Silk Route Textiles (Pvt) Ltd,SRT-2026-5520,SILK MARINER,SM-1247,"Faisalabad Mill, PK","Karachi, PK","Jebel Ali, AE",Dubai Textile City DC,"Dubai, United Arab Emirates",22,2026-08-03 19:59,67.99,25.2504,57.6469,11.9,313.9
Silk Route Textiles (Pvt) Ltd,SRT-2026-5520,SILK MARINER,SM-1247,"Faisalabad Mill, PK","Karachi, PK","Jebel Ali, AE",Dubai Textile City DC,"Dubai, United Arab Emirates",23,2026-08-03 22:04,70.08,25.5387,57.3131,12.1,313.9
Silk Route Textiles (Pvt) Ltd,SRT-2026-5520,SILK MARINER,SM-1247,"Faisalabad Mill, PK","Karachi, PK","Jebel Ali, AE",Dubai Textile City DC,"Dubai, United Arab Emirates",24,2026-08-04 00:10,72.17,25.8485,57.0015,12.4,318.2
Silk Route Textiles (Pvt) Ltd,SRT-2026-5520,SILK MARINER,SM-1247,"Faisalabad Mill, PK","Karachi, PK","Jebel Ali, AE",Dubai Textile City DC,"Dubai, United Arab Emirates",25,2026-08-04 02:15,74.26,26.1591,56.6909,12.6,318.2
Silk Route Textiles (Pvt) Ltd,SRT-2026-5520,SILK MARINER,SM-1247,"Faisalabad Mill, PK","Karachi, PK","Jebel Ali, AE",Dubai Textile City DC,"Dubai, United Arab Emirates",26,2026-08-04 04:20,76.35,26.4989,56.4222,11.3,327.5
Silk Route Textiles (Pvt) Ltd,SRT-2026-5520,SILK MARINER,SM-1247,"Faisalabad Mill, PK","Karachi, PK","Jebel Ali, AE",Dubai Textile City DC,"Dubai, United Arab Emirates",27,2026-08-04 06:26,78.44,26.3614,56.1512,11.5,216.9
Silk Route Textiles (Pvt) Ltd,SRT-2026-5520,SILK MARINER,SM-1247,"Faisalabad Mill, PK","Karachi, PK","Jebel Ali, AE",Dubai Textile City DC,"Dubai, United Arab Emirates",28,2026-08-04 08:31,80.53,26.0267,55.8723,11.8,216.9
Silk Route Textiles (Pvt) Ltd,SRT-2026-5520,SILK MARINER,SM-1247,"Faisalabad Mill, PK","Karachi, PK","Jebel Ali, AE",Dubai Textile City DC,"Dubai, United Arab Emirates",29,2026-08-04 10:37,82.62,25.688,55.6011,12.0,215.9
Silk Route Textiles (Pvt) Ltd,SRT-2026-5520,SILK MARINER,SM-1247,"Faisalabad Mill, PK","Karachi, PK","Jebel Ali, AE",Dubai Textile City DC,"Dubai, United Arab Emirates",30,2026-08-04 12:42,84.71,25.349,55.3305,12.2,215.9
Silk Route Textiles (Pvt) Ltd,SRT-2026-5520,SILK MARINER,SM-1247,"Faisalabad Mill, PK","Karachi, PK","Jebel Ali, AE",Dubai Textile City DC,"Dubai, United Arab Emirates",31,2026-08-04 14:48,86.8,25.01,55.06,2.4,215.9
